{
    "files": {
        "DA-06_\ud0d0\uc0c9\uc801\ub370\uc774\ud130\ubd84\uc11d.pdf": {
            "path": "DA-06_\ud0d0\uc0c9\uc801\ub370\uc774\ud130\ubd84\uc11d.pdf",
            "modified": 1684148954.8903902,
            "docID": 0,
            "idxNum": 22
        },
        "\ub09c\ucd08.txt": {
            "path": "\ub09c\ucd08.txt",
            "modified": 1684148954.8903902,
            "docID": 1,
            "idxNum": 7
        },
        "\uc6b4\uc218\uc88b\uc740\ub0a0.txt": {
            "path": "\uc6b4\uc218\uc88b\uc740\ub0a0.txt",
            "modified": 1681030334.769436,
            "docID": 2,
            "idxNum": 36
        },
        "\uc870\ubc14\uc774\ub4e0_\uc5f0\uc124.pdf": {
            "path": "\uc870\ubc14\uc774\ub4e0_\uc5f0\uc124.pdf",
            "modified": 1684150931.7547293,
            "docID": 3,
            "idxNum": 12
        }
    },
    "lastID": 4
}